https://punjabpolice.gov.pk/dpocontacts	pages/punjabpolice.gov.pk/dpocontacts.html	200
https://www.punjabpolice.gov.pk/CityPOContacts	-	403
https://www.punjabpolice.gov.pk/LahoreDirectory	-	403
https://www.punjabpolice.gov.pk/RawalpindiDirectory	-	403
https://www.punjabpolice.gov.pk/FaisalabadDirectory	-	403
https://www.punjabpolice.gov.pk/GujranwalaDirectory	-	403
https://www.punjabpolice.gov.pk/MultanDirectory	-	403
https://www.punjabpolice.gov.pk/	-	403
https://punjabpolice.gov.pk/contact_details	pages/punjabpolice.gov.pk/contact_details.html	200
https://punjabpolice.gov.pk/attock_directory	pages/punjabpolice.gov.pk/attock_directory.html	200
https://punjabpolice.gov.pk/bahawalnagar_directory	pages/punjabpolice.gov.pk/bahawalnagar_directory.html	200
https://punjabpolice.gov.pk/bahawalpur_directory	pages/punjabpolice.gov.pk/bahawalpur_directory.html	200
https://punjabpolice.gov.pk/bhakkar_directory	pages/punjabpolice.gov.pk/bhakkar_directory.html	200
https://punjabpolice.gov.pk/chakwal_directory	pages/punjabpolice.gov.pk/chakwal_directory.html	200
https://punjabpolice.gov.pk/chiniot_directory	pages/punjabpolice.gov.pk/chiniot_directory.html	200
https://punjabpolice.gov.pk/dgkhan_directory	pages/punjabpolice.gov.pk/dgkhan_directory.html	200
https://punjabpolice.gov.pk/gujrat_dIrectory	pages/punjabpolice.gov.pk/gujrat_dIrectory.html	200
https://punjabpolice.gov.pk/hafizabad_directory	pages/punjabpolice.gov.pk/hafizabad_directory.html	200
https://punjabpolice.gov.pk/jhang_directory	pages/punjabpolice.gov.pk/jhang_directory.html	200
https://punjabpolice.gov.pk/jhelum_directory	pages/punjabpolice.gov.pk/jhelum_directory.html	200
https://punjabpolice.gov.pk/kasur_directory	pages/punjabpolice.gov.pk/kasur_directory.html	200
https://punjabpolice.gov.pk/khanewal_directory	pages/punjabpolice.gov.pk/khanewal_directory.html	200
https://punjabpolice.gov.pk/khushab_directory	pages/punjabpolice.gov.pk/khushab_directory.html	200
https://punjabpolice.gov.pk/layyah_directory	pages/punjabpolice.gov.pk/layyah_directory.html	200
https://punjabpolice.gov.pk/lodhran_directory	pages/punjabpolice.gov.pk/lodhran_directory.html	200
https://punjabpolice.gov.pk/mandi_bahauddin_directory	pages/punjabpolice.gov.pk/mandi_bahauddin_directory.html	200
https://punjabpolice.gov.pk/mianwali_directory	pages/punjabpolice.gov.pk/mianwali_directory.html	200
https://punjabpolice.gov.pk/muzaffargarh_directory	pages/punjabpolice.gov.pk/muzaffargarh_directory.html	200
https://punjabpolice.gov.pk/nankana_directory	pages/punjabpolice.gov.pk/nankana_directory.html	200
https://punjabpolice.gov.pk/narowal_directory	pages/punjabpolice.gov.pk/narowal_directory.html	200
https://punjabpolice.gov.pk/okara_directory	pages/punjabpolice.gov.pk/okara_directory.html	200
https://punjabpolice.gov.pk/pakpattan_directory	pages/punjabpolice.gov.pk/pakpattan_directory.html	200
https://punjabpolice.gov.pk/rahim_yar_khan_directory	pages/punjabpolice.gov.pk/rahim_yar_khan_directory.html	200
https://punjabpolice.gov.pk/rajanpur_directory	pages/punjabpolice.gov.pk/rajanpur_directory.html	200
https://punjabpolice.gov.pk/sahiwal_directory	pages/punjabpolice.gov.pk/sahiwal_directory.html	200
https://punjabpolice.gov.pk/sargodha_directory	pages/punjabpolice.gov.pk/sargodha_directory.html	200
https://punjabpolice.gov.pk/sheikhupura_directory	pages/punjabpolice.gov.pk/sheikhupura_directory.html	200
https://punjabpolice.gov.pk/sialkot_directory	pages/punjabpolice.gov.pk/sialkot_directory.html	200
https://punjabpolice.gov.pk/toba_tek_singh_directory	pages/punjabpolice.gov.pk/toba_tek_singh_directory.html	200
https://punjabpolice.gov.pk/vehari_directory	pages/punjabpolice.gov.pk/vehari_directory.html	200
https://punjabpolice.gov.pk/cpo_contactdetails	pages/punjabpolice.gov.pk/cpo_contactdetails.html	200
https://punjabpolice.gov.pk/PPOContacts	pages/punjabpolice.gov.pk/PPOContacts.html	200
https://punjabpolice.gov.pk/rpocontacts	pages/punjabpolice.gov.pk/rpocontacts.html	200
https://punjabpolice.gov.pk/CityPOContacts	pages/punjabpolice.gov.pk/CityPOContacts.html	200
https://punjabpolice.gov.pk/LahoreDirectory	pages/punjabpolice.gov.pk/LahoreDirectory.html	200
https://punjabpolice.gov.pk/FaisalabadDirectory	pages/punjabpolice.gov.pk/FaisalabadDirectory.html	200
https://punjabpolice.gov.pk/GujranwalaDirectory	pages/punjabpolice.gov.pk/GujranwalaDirectory.html	200
https://punjabpolice.gov.pk/MultanDirectory	pages/punjabpolice.gov.pk/MultanDirectory.html	200
https://punjabpolice.gov.pk/RawalpindiDirectory	pages/punjabpolice.gov.pk/RawalpindiDirectory.html	200
https://sindhpolice.gov.pk/	-	403
https://sindhpolice.gov.pk/city/police-station	-	403
https://karachipolice.gov.pk/services/police-stations-in-karachi/	pages/karachipolice.gov.pk/services__police-stations-in-karachi.html	200
https://karachipolice.gov.pk/services/find-police-stations-near-me/	pages/karachipolice.gov.pk/services__find-police-stations-near-me.html	200
https://www.cplc.org.pk/list-of-police-station/	pages/cplc.org.pk/list-of-police-station.html	200
http://cplc.org.pk/pkcp/list-of-police-station/	pages/cplc.org.pk/pkcp__list-of-police-station.html	200
https://www.kppolice.gov.pk/phone-directory.php?tid=4	pages/kppolice.gov.pk/phone-directory.php__tid=4.html	200
https://www.kppolice.gov.pk/phone-directory.php	pages/kppolice.gov.pk/phone-directory.php.html	200
https://www.kppolice.gov.pk/	pages/kppolice.gov.pk/index.html	200
https://www.kppolice.gov.pk/phone-directory.php?pid=103	pages/kppolice.gov.pk/phone-directory.php__pid=103.html	200
https://www.kppolice.gov.pk/phone-directory.php?tid=15	pages/kppolice.gov.pk/phone-directory.php__tid=15.html	200
https://www.kppolice.gov.pk/phone-directory.php?tid=1	pages/kppolice.gov.pk/phone-directory.php__tid=1.html	200
https://www.kppolice.gov.pk/phone-directory.php?tid=2	pages/kppolice.gov.pk/phone-directory.php__tid=2.html	200
https://www.kppolice.gov.pk/phone-directory.php?tid=3	pages/kppolice.gov.pk/phone-directory.php__tid=3.html	200
https://www.kppolice.gov.pk/phone-directory.php?tid=9	pages/kppolice.gov.pk/phone-directory.php__tid=9.html	200
https://www.kppolice.gov.pk/phone-directory.php?tid=14	pages/kppolice.gov.pk/phone-directory.php__tid=14.html	200
https://www.kppolice.gov.pk/phone-directory.php?tid=10	pages/kppolice.gov.pk/phone-directory.php__tid=10.html	200
https://balochistanpolice.gov.pk/dpo_contactdetails	-	0
https://balochistanpolice.gov.pk/	-	0
https://islamabadpolice.gov.pk/contact.php	pages/islamabadpolice.gov.pk/contact.php.html	200
https://islamabadpolice.gov.pk/	pages/islamabadpolice.gov.pk/index.html	200
https://islamabadpolice.gov.pk/news-detail.php?slug=igp-islamabad-visits-sumbal-police-station-reviews-security-arrangements-facilities-and-service-delivery	pages/islamabadpolice.gov.pk/news-detail.php__slug=igp-islamabad-visits-sumbal-police-station-reviews-security-arrangements-facilities-and-service-delivery.html	200
https://police.ajk.gov.pk/	-	0
https://ajkpolice.gov.pk/	-	0
https://gbp.gov.pk/?p=80	pages/gbp.gov.pk/index__p=80.html	200
https://gbp.gov.pk/	pages/gbp.gov.pk/index.html	200
https://gbp.gov.pk/total-police-stations-in-gb/	pages/gbp.gov.pk/total-police-stations-in-gb.html	200
https://gbp.gov.pk/police-stations/	pages/gbp.gov.pk/police-stations.html	200
https://gbp.gov.pk/district-gilgit/	pages/gbp.gov.pk/district-gilgit.html	200
https://gbp.gov.pk/district-police-hunza/	pages/gbp.gov.pk/district-police-hunza.html	200
https://gbp.gov.pk/district-police-diamer/	pages/gbp.gov.pk/district-police-diamer.html	200
https://gbp.gov.pk/district-police-ghizer/	pages/gbp.gov.pk/district-police-ghizer.html	200
https://gbp.gov.pk/district-police-astore/	pages/gbp.gov.pk/district-police-astore.html	200
https://gbp.gov.pk/district-police-skardu/	pages/gbp.gov.pk/district-police-skardu.html	200
https://gbp.gov.pk/contact-us/	pages/gbp.gov.pk/contact-us.html	200
