https://karachipolice.gov.pk/wp-json/wp/v2/police-station?per_page=100&page=1	targets/karachipolice.gov.pk__wp-json__wp__v2__police-station__per_page=100_page=1	200
https://karachipolice.gov.pk/wp-json/wp/v2/police-station?per_page=100&page=2	targets/karachipolice.gov.pk__wp-json__wp__v2__police-station__per_page=100_page=2	200
https://karachipolice.gov.pk/wp-json/wp/v2/police-station?per_page=100&page=3	-	400
https://karachipolice.gov.pk/sitemap_index.xml	targets/karachipolice.gov.pk__sitemap_index.xml	200
https://karachipolice.gov.pk/police-station-sitemap.xml	targets/karachipolice.gov.pk__police-station-sitemap.xml	200
https://karachipolice.gov.pk/wp-sitemap.xml	targets/karachipolice.gov.pk__wp-sitemap.xml	200
https://karachipolice.gov.pk/wp-sitemap-posts-police-station-1.xml	-	404
https://karachipolice.gov.pk/services/police-stations-in-karachi/	targets/karachipolice.gov.pk__services__police-stations-in-karachi	200
https://karachipolice.gov.pk/services/find-police-stations-near-me/	targets/karachipolice.gov.pk__services__find-police-stations-near-me	200
https://karachipolice.gov.pk/police-station/airport/	targets/karachipolice.gov.pk__police-station__airport	200
https://karachipolice.gov.pk/police-station/aram-bagh/	targets/karachipolice.gov.pk__police-station__aram-bagh	200
https://karachipolice.gov.pk/police-station/aritillery-maidan/	targets/karachipolice.gov.pk__police-station__aritillery-maidan	200
https://karachipolice.gov.pk/police-station/bin-qasim/	targets/karachipolice.gov.pk__police-station__bin-qasim	200
https://karachipolice.gov.pk/police-station/boat-basin-police-station/	targets/karachipolice.gov.pk__police-station__boat-basin-police-station	200
https://karachipolice.gov.pk/police-station/civil-lines/	targets/karachipolice.gov.pk__police-station__civil-lines	200
https://karachipolice.gov.pk/police-station/clifton-police-station/	targets/karachipolice.gov.pk__police-station__clifton-police-station	200
https://karachipolice.gov.pk/police-station/defence-police-station/	targets/karachipolice.gov.pk__police-station__defence-police-station	200
https://karachipolice.gov.pk/police-station/frere-police-station/	targets/karachipolice.gov.pk__police-station__frere-police-station	200
https://karachipolice.gov.pk/police-station/gadap-city/	targets/karachipolice.gov.pk__police-station__gadap-city	200
https://karachipolice.gov.pk/police-station/ibrahim-hyderi/	targets/karachipolice.gov.pk__police-station__ibrahim-hyderi	200
https://karachipolice.gov.pk/police-station/jackson-police-station/	targets/karachipolice.gov.pk__police-station__jackson-police-station	200
https://karachipolice.gov.pk/police-station/khawaja-ajmer-nagri-police-station/	targets/karachipolice.gov.pk__police-station__khawaja-ajmer-nagri-police-station	200
https://karachipolice.gov.pk/police-station/khokhrapar/	targets/karachipolice.gov.pk__police-station__khokhrapar	200
https://karachipolice.gov.pk/police-station/malir-cantt/	targets/karachipolice.gov.pk__police-station__malir-cantt	200
https://karachipolice.gov.pk/police-station/peerabad-police-station/	targets/karachipolice.gov.pk__police-station__peerabad-police-station	200
https://karachipolice.gov.pk/police-station/ps-al-falah/	targets/karachipolice.gov.pk__police-station__ps-al-falah	200
https://karachipolice.gov.pk/police-station/ps-awami-colony/	targets/karachipolice.gov.pk__police-station__ps-awami-colony	200
https://karachipolice.gov.pk/police-station/ps-aziz-bhatti/	targets/karachipolice.gov.pk__police-station__ps-aziz-bhatti	200
https://karachipolice.gov.pk/police-station/ps-azizabad/	targets/karachipolice.gov.pk__police-station__ps-azizabad	200
https://karachipolice.gov.pk/police-station/ps-baghdadi/	targets/karachipolice.gov.pk__police-station__ps-baghdadi	200
https://karachipolice.gov.pk/police-station/ps-bahadurabad/	targets/karachipolice.gov.pk__police-station__ps-bahadurabad	200
https://karachipolice.gov.pk/police-station/ps-baldia-2/	targets/karachipolice.gov.pk__police-station__ps-baldia-2	200
https://karachipolice.gov.pk/police-station/ps-baloch-colony/	targets/karachipolice.gov.pk__police-station__ps-baloch-colony	200
https://karachipolice.gov.pk/police-station/ps-bilal-colony/	targets/karachipolice.gov.pk__police-station__ps-bilal-colony	200
https://karachipolice.gov.pk/police-station/ps-brigade/	targets/karachipolice.gov.pk__police-station__ps-brigade	200
https://karachipolice.gov.pk/police-station/ps-chakiwara/	targets/karachipolice.gov.pk__police-station__ps-chakiwara	200
https://karachipolice.gov.pk/police-station/ps-city-court/	targets/karachipolice.gov.pk__police-station__ps-city-court	200
https://karachipolice.gov.pk/police-station/ps-darakhshan/	targets/karachipolice.gov.pk__police-station__ps-darakhshan	200
https://karachipolice.gov.pk/police-station/ps-docks/	targets/karachipolice.gov.pk__police-station__ps-docks	200
https://karachipolice.gov.pk/police-station/ps-eidgah/	targets/karachipolice.gov.pk__police-station__ps-eidgah	200
https://karachipolice.gov.pk/police-station/ps-f-b-ind-area/	targets/karachipolice.gov.pk__police-station__ps-f-b-ind-area	200
https://karachipolice.gov.pk/police-station/ps-ferozabad-2/	targets/karachipolice.gov.pk__police-station__ps-ferozabad-2	200
https://karachipolice.gov.pk/police-station/ps-gabol-town/	targets/karachipolice.gov.pk__police-station__ps-gabol-town	200
https://karachipolice.gov.pk/police-station/ps-garden/	targets/karachipolice.gov.pk__police-station__ps-garden	200
https://karachipolice.gov.pk/police-station/ps-gizri-2/	targets/karachipolice.gov.pk__police-station__ps-gizri-2	200
https://karachipolice.gov.pk/police-station/ps-gulbahar/	targets/karachipolice.gov.pk__police-station__ps-gulbahar	200
https://karachipolice.gov.pk/police-station/ps-gulberg/	targets/karachipolice.gov.pk__police-station__ps-gulberg	200
https://karachipolice.gov.pk/police-station/ps-gulistan-e-johar/	targets/karachipolice.gov.pk__police-station__ps-gulistan-e-johar	200
https://karachipolice.gov.pk/police-station/ps-gulshan-e-iqbal/	targets/karachipolice.gov.pk__police-station__ps-gulshan-e-iqbal	200
https://karachipolice.gov.pk/police-station/ps-gulshan-e-maymar/	targets/karachipolice.gov.pk__police-station__ps-gulshan-e-maymar	200
https://karachipolice.gov.pk/police-station/ps-hyderi/	targets/karachipolice.gov.pk__police-station__ps-hyderi	200
https://karachipolice.gov.pk/police-station/ps-iqbal-market/	targets/karachipolice.gov.pk__police-station__ps-iqbal-market	200
https://karachipolice.gov.pk/police-station/ps-ittehad-town/	targets/karachipolice.gov.pk__police-station__ps-ittehad-town	200
https://karachipolice.gov.pk/police-station/ps-jamshed-quarters/	targets/karachipolice.gov.pk__police-station__ps-jamshed-quarters	200
https://karachipolice.gov.pk/police-station/ps-joharabad/	targets/karachipolice.gov.pk__police-station__ps-joharabad	200
https://karachipolice.gov.pk/police-station/ps-kalakot/	targets/karachipolice.gov.pk__police-station__ps-kalakot	200
https://karachipolice.gov.pk/police-station/ps-kalri-2/	targets/karachipolice.gov.pk__police-station__ps-kalri-2	200
https://karachipolice.gov.pk/police-station/ps-kharadar/	targets/karachipolice.gov.pk__police-station__ps-kharadar	200
https://karachipolice.gov.pk/police-station/ps-korangi-2/	targets/karachipolice.gov.pk__police-station__ps-korangi-2	200
https://karachipolice.gov.pk/police-station/ps-korangi-industrial-area-2/	targets/karachipolice.gov.pk__police-station__ps-korangi-industrial-area-2	200
https://karachipolice.gov.pk/police-station/ps-kpt/	targets/karachipolice.gov.pk__police-station__ps-kpt	200
https://karachipolice.gov.pk/police-station/ps-landhi-2/	targets/karachipolice.gov.pk__police-station__ps-landhi-2	200
https://karachipolice.gov.pk/police-station/ps-liaquatabad/	targets/karachipolice.gov.pk__police-station__ps-liaquatabad	200
https://karachipolice.gov.pk/police-station/ps-madina-colony/	targets/karachipolice.gov.pk__police-station__ps-madina-colony	200
https://karachipolice.gov.pk/police-station/ps-malir-city/	targets/karachipolice.gov.pk__police-station__ps-malir-city	200
https://karachipolice.gov.pk/police-station/ps-manghopir-2/	targets/karachipolice.gov.pk__police-station__ps-manghopir-2	200
https://karachipolice.gov.pk/police-station/ps-mauripur/	targets/karachipolice.gov.pk__police-station__ps-mauripur	200
https://karachipolice.gov.pk/police-station/ps-mehmoodabad-2/	targets/karachipolice.gov.pk__police-station__ps-mehmoodabad-2	200
https://karachipolice.gov.pk/police-station/ps-memon-goth/	targets/karachipolice.gov.pk__police-station__ps-memon-goth	200
https://karachipolice.gov.pk/police-station/ps-mithadar/	targets/karachipolice.gov.pk__police-station__ps-mithadar	200
https://karachipolice.gov.pk/police-station/ps-mochko/	targets/karachipolice.gov.pk__police-station__ps-mochko	200
https://karachipolice.gov.pk/police-station/ps-model-colony-2/	targets/karachipolice.gov.pk__police-station__ps-model-colony-2	200
https://karachipolice.gov.pk/police-station/ps-mominabad/	targets/karachipolice.gov.pk__police-station__ps-mominabad	200
https://karachipolice.gov.pk/police-station/ps-mubina-town/	targets/karachipolice.gov.pk__police-station__ps-mubina-town	200
https://karachipolice.gov.pk/police-station/ps-n-k-indus-area/	targets/karachipolice.gov.pk__police-station__ps-n-k-indus-area	200
https://karachipolice.gov.pk/police-station/ps-nabi-bux/	targets/karachipolice.gov.pk__police-station__ps-nabi-bux	200
https://karachipolice.gov.pk/police-station/ps-napier-2/	targets/karachipolice.gov.pk__police-station__ps-napier-2	200
https://karachipolice.gov.pk/police-station/ps-nazimabad/	targets/karachipolice.gov.pk__police-station__ps-nazimabad	200
https://karachipolice.gov.pk/police-station/ps-new-karachi/	targets/karachipolice.gov.pk__police-station__ps-new-karachi	200
https://karachipolice.gov.pk/police-station/ps-new-town/	targets/karachipolice.gov.pk__police-station__ps-new-town	200
https://karachipolice.gov.pk/police-station/ps-north-nazimabad/	targets/karachipolice.gov.pk__police-station__ps-north-nazimabad	200
https://karachipolice.gov.pk/police-station/ps-orangi-town/	targets/karachipolice.gov.pk__police-station__ps-orangi-town	200
https://karachipolice.gov.pk/police-station/ps-pak-colony/	targets/karachipolice.gov.pk__police-station__ps-pak-colony	200
https://karachipolice.gov.pk/police-station/ps-pakistan-bazar/	targets/karachipolice.gov.pk__police-station__ps-pakistan-bazar	200
https://karachipolice.gov.pk/police-station/ps-paposh-nagar/	targets/karachipolice.gov.pk__police-station__ps-paposh-nagar	200
https://karachipolice.gov.pk/police-station/ps-pib-colony/	targets/karachipolice.gov.pk__police-station__ps-pib-colony	200
https://karachipolice.gov.pk/police-station/ps-preedy-2/	targets/karachipolice.gov.pk__police-station__ps-preedy-2	200
https://karachipolice.gov.pk/police-station/ps-quaidabad/	targets/karachipolice.gov.pk__police-station__ps-quaidabad	200
https://karachipolice.gov.pk/police-station/ps-risala/	targets/karachipolice.gov.pk__police-station__ps-risala	200
https://karachipolice.gov.pk/police-station/ps-rizvia/	targets/karachipolice.gov.pk__police-station__ps-rizvia	200
https://karachipolice.gov.pk/police-station/ps-sachal/	targets/karachipolice.gov.pk__police-station__ps-sachal	200
https://karachipolice.gov.pk/police-station/ps-saddar-2/	targets/karachipolice.gov.pk__police-station__ps-saddar-2	200
https://karachipolice.gov.pk/police-station/ps-saeedabad-2/	targets/karachipolice.gov.pk__police-station__ps-saeedabad-2	200
https://karachipolice.gov.pk/police-station/ps-sahil-2/	targets/karachipolice.gov.pk__police-station__ps-sahil-2	200
https://karachipolice.gov.pk/police-station/ps-samnabad/	targets/karachipolice.gov.pk__police-station__ps-samnabad	200
https://karachipolice.gov.pk/police-station/ps-saudabad-2/	targets/karachipolice.gov.pk__police-station__ps-saudabad-2	200
https://karachipolice.gov.pk/police-station/ps-shah-faisal-colony-2/	targets/karachipolice.gov.pk__police-station__ps-shah-faisal-colony-2	200
https://karachipolice.gov.pk/police-station/ps-shah-latif-town/	targets/karachipolice.gov.pk__police-station__ps-shah-latif-town	200
https://karachipolice.gov.pk/police-station/ps-shahrah-e-faisal/	targets/karachipolice.gov.pk__police-station__ps-shahrah-e-faisal	200
https://karachipolice.gov.pk/police-station/ps-shahrah-e-noor-jahan/	targets/karachipolice.gov.pk__police-station__ps-shahrah-e-noor-jahan	200
https://karachipolice.gov.pk/police-station/ps-sharafi-goth/	targets/karachipolice.gov.pk__police-station__ps-sharafi-goth	200
https://karachipolice.gov.pk/police-station/ps-sharifabad/	targets/karachipolice.gov.pk__police-station__ps-sharifabad	200
https://karachipolice.gov.pk/police-station/ps-shershah/	targets/karachipolice.gov.pk__police-station__ps-shershah	200
https://karachipolice.gov.pk/police-station/ps-sir-syed/	targets/karachipolice.gov.pk__police-station__ps-sir-syed	200
https://karachipolice.gov.pk/police-station/ps-site-a/	targets/karachipolice.gov.pk__police-station__ps-site-a	200
https://karachipolice.gov.pk/police-station/ps-site-b/	targets/karachipolice.gov.pk__police-station__ps-site-b	200
https://karachipolice.gov.pk/police-station/ps-site-super-highway/	targets/karachipolice.gov.pk__police-station__ps-site-super-highway	200
https://karachipolice.gov.pk/police-station/ps-sohrab-goth/	targets/karachipolice.gov.pk__police-station__ps-sohrab-goth	200
https://karachipolice.gov.pk/police-station/ps-soldier-bazar/	targets/karachipolice.gov.pk__police-station__ps-soldier-bazar	200
https://karachipolice.gov.pk/police-station/ps-steel-town/	targets/karachipolice.gov.pk__police-station__ps-steel-town	200
https://karachipolice.gov.pk/police-station/ps-sukkun/	targets/karachipolice.gov.pk__police-station__ps-sukkun	200
https://karachipolice.gov.pk/police-station/ps-super-market/	targets/karachipolice.gov.pk__police-station__ps-super-market	200
https://karachipolice.gov.pk/police-station/ps-surjani/	targets/karachipolice.gov.pk__police-station__ps-surjani	200
https://karachipolice.gov.pk/police-station/ps-taimuria/	targets/karachipolice.gov.pk__police-station__ps-taimuria	200
https://karachipolice.gov.pk/police-station/ps-tipu-sultan/	targets/karachipolice.gov.pk__police-station__ps-tipu-sultan	200
https://karachipolice.gov.pk/police-station/ps-woman/	targets/karachipolice.gov.pk__police-station__ps-woman	200
https://karachipolice.gov.pk/police-station/ps-women-central/	targets/karachipolice.gov.pk__police-station__ps-women-central	200
https://karachipolice.gov.pk/police-station/ps-women-east/	targets/karachipolice.gov.pk__police-station__ps-women-east	200
https://karachipolice.gov.pk/police-station/ps-yousuf-plaza/	targets/karachipolice.gov.pk__police-station__ps-yousuf-plaza	200
https://karachipolice.gov.pk/police-station/ps-zaman-town-2/	targets/karachipolice.gov.pk__police-station__ps-zaman-town-2	200
https://www.google.com/maps/d/kml?mid=1-0LP8cJBVB96t9mSt1oPbkX9szYw2gY&forcekml=1	targets/google.com__maps__d__kml__mid=1-0LP8cJBVB96t9mSt1oPbkX9szYw2gY_forcekml=1	200
https://www.google.com/maps/d/kml?mid=1-GbXabt0acfUXxGOOaoVog4-slxiV4Q&forcekml=1	targets/google.com__maps__d__kml__mid=1-GbXabt0acfUXxGOOaoVog4-slxiV4Q_forcekml=1	200
https://www.google.com/maps/d/kml?mid=1-fK_PFAl0QNGWIHuF1eKHn1W3-YqwOQ&forcekml=1	targets/google.com__maps__d__kml__mid=1-fK_PFAl0QNGWIHuF1eKHn1W3-YqwOQ_forcekml=1	200
https://www.google.com/maps/d/kml?mid=1-os85RvT1gKriZpRgcaCXvfTZjq6IXA&forcekml=1	targets/google.com__maps__d__kml__mid=1-os85RvT1gKriZpRgcaCXvfTZjq6IXA_forcekml=1	200
https://www.google.com/maps/d/kml?mid=10HNQSaVUQztziPjD0kyx5ZxMK_gsHmE&forcekml=1	targets/google.com__maps__d__kml__mid=10HNQSaVUQztziPjD0kyx5ZxMK_gsHmE_forcekml=1	200
https://www.google.com/maps/d/kml?mid=10HSkXj1j3-ObsVK41wveUf5JTVk-3sY&forcekml=1	targets/google.com__maps__d__kml__mid=10HSkXj1j3-ObsVK41wveUf5JTVk-3sY_forcekml=1	200
https://www.google.com/maps/d/kml?mid=10_eV-Fdmbr7bIMCqx8gMjXZ7jRH4pW0&forcekml=1	targets/google.com__maps__d__kml__mid=10_eV-Fdmbr7bIMCqx8gMjXZ7jRH4pW0_forcekml=1	200
https://www.google.com/maps/d/kml?mid=10qC-f74cLMFjmAZ8617sjUi2SxKUcaA&forcekml=1	targets/google.com__maps__d__kml__mid=10qC-f74cLMFjmAZ8617sjUi2SxKUcaA_forcekml=1	200
https://www.google.com/maps/d/kml?mid=11X1zOI3doGJRctsuttMd0fWS5Lw1Slg&forcekml=1	targets/google.com__maps__d__kml__mid=11X1zOI3doGJRctsuttMd0fWS5Lw1Slg_forcekml=1	200
https://www.google.com/maps/d/kml?mid=11g4e67dVZS98E998A-hP2RLGyQcMJTk&forcekml=1	targets/google.com__maps__d__kml__mid=11g4e67dVZS98E998A-hP2RLGyQcMJTk_forcekml=1	200
https://www.google.com/maps/d/kml?mid=11sLLKALiupe7_F_xlkqcoAvmh059CWM&forcekml=1	targets/google.com__maps__d__kml__mid=11sLLKALiupe7_F_xlkqcoAvmh059CWM_forcekml=1	200
https://www.google.com/maps/d/kml?mid=12KE5_w-i0M0NEXuYMRtPms9YuwdVhVg&forcekml=1	targets/google.com__maps__d__kml__mid=12KE5_w-i0M0NEXuYMRtPms9YuwdVhVg_forcekml=1	200
https://www.google.com/maps/d/kml?mid=12WV36WBlgmDNtkmJs2AnvSqXGneBMHs&forcekml=1	targets/google.com__maps__d__kml__mid=12WV36WBlgmDNtkmJs2AnvSqXGneBMHs_forcekml=1	200
https://www.google.com/maps/d/kml?mid=17tN0UJH4oVfEWtycbUNdg4T6kIidD6M&forcekml=1	targets/google.com__maps__d__kml__mid=17tN0UJH4oVfEWtycbUNdg4T6kIidD6M_forcekml=1	200
https://www.google.com/maps/d/kml?mid=18W30wXTPAWyJ0N4kkkTUMv-tNGn0K2s&forcekml=1	targets/google.com__maps__d__kml__mid=18W30wXTPAWyJ0N4kkkTUMv-tNGn0K2s_forcekml=1	200
https://www.google.com/maps/d/kml?mid=18u5alNSGju7oJUZq_nCVS5Sh4UAfG94&forcekml=1	targets/google.com__maps__d__kml__mid=18u5alNSGju7oJUZq_nCVS5Sh4UAfG94_forcekml=1	200
https://www.google.com/maps/d/kml?mid=1A0yII9r0l0pf92gf2EP4AawZoi2Ejqs&forcekml=1	targets/google.com__maps__d__kml__mid=1A0yII9r0l0pf92gf2EP4AawZoi2Ejqs_forcekml=1	200
https://www.google.com/maps/d/kml?mid=1AxiXJ4hn9yFGeE1IOiVSwB2BPjRNWEk&forcekml=1	targets/google.com__maps__d__kml__mid=1AxiXJ4hn9yFGeE1IOiVSwB2BPjRNWEk_forcekml=1	200
https://www.google.com/maps/d/kml?mid=1BeeTMmlQ-9b9YDnXylzrHjdz5ucw0qs&forcekml=1	targets/google.com__maps__d__kml__mid=1BeeTMmlQ-9b9YDnXylzrHjdz5ucw0qs_forcekml=1	200
https://www.google.com/maps/d/kml?mid=1BgT5g24eJVHoRY_ryxfEpPF20X0updI&forcekml=1	targets/google.com__maps__d__kml__mid=1BgT5g24eJVHoRY_ryxfEpPF20X0updI_forcekml=1	200
https://www.google.com/maps/d/kml?mid=1BqIeKIZjVaVArTKDPZC1MDcz1Yi-q2Q&forcekml=1	targets/google.com__maps__d__kml__mid=1BqIeKIZjVaVArTKDPZC1MDcz1Yi-q2Q_forcekml=1	200
https://www.google.com/maps/d/kml?mid=1CImekYNdpE1DmGmL43wg7qpBI_J6PME&forcekml=1	targets/google.com__maps__d__kml__mid=1CImekYNdpE1DmGmL43wg7qpBI_J6PME_forcekml=1	200
https://www.google.com/maps/d/kml?mid=1CmUs7Is17XAKSR7Z5u3CdpnUnmJjIMA&forcekml=1	targets/google.com__maps__d__kml__mid=1CmUs7Is17XAKSR7Z5u3CdpnUnmJjIMA_forcekml=1	200
https://www.google.com/maps/d/kml?mid=1DQvWYnegKJnoURL26GTnpYYxiMYrc_k&forcekml=1	targets/google.com__maps__d__kml__mid=1DQvWYnegKJnoURL26GTnpYYxiMYrc_k_forcekml=1	200
https://www.google.com/maps/d/kml?mid=1DYbaBkHu-de1O_npOg7SU4-RrEgRsks&forcekml=1	targets/google.com__maps__d__kml__mid=1DYbaBkHu-de1O_npOg7SU4-RrEgRsks_forcekml=1	200
https://www.google.com/maps/d/kml?mid=1DaEEXv3zoi0opAh7m-FAEsgE8lqQfvk&forcekml=1	targets/google.com__maps__d__kml__mid=1DaEEXv3zoi0opAh7m-FAEsgE8lqQfvk_forcekml=1	200
https://www.google.com/maps/d/kml?mid=1FlFgLrgAmMbi-rkdZ67vdbandkN8WU8&forcekml=1	targets/google.com__maps__d__kml__mid=1FlFgLrgAmMbi-rkdZ67vdbandkN8WU8_forcekml=1	200
https://www.google.com/maps/d/kml?mid=1GDxR1Q-PmFei714Xy6WOmQMLfj3O9y8&forcekml=1	targets/google.com__maps__d__kml__mid=1GDxR1Q-PmFei714Xy6WOmQMLfj3O9y8_forcekml=1	200
https://www.google.com/maps/d/kml?mid=1GRS3QhmTA5MbLXwGIvuT569ixvzcRzA&forcekml=1	targets/google.com__maps__d__kml__mid=1GRS3QhmTA5MbLXwGIvuT569ixvzcRzA_forcekml=1	200
https://www.google.com/maps/d/kml?mid=1HN-0b9MRK7t4fHnesl6E9hYtF2ztmeA&forcekml=1	targets/google.com__maps__d__kml__mid=1HN-0b9MRK7t4fHnesl6E9hYtF2ztmeA_forcekml=1	200
https://www.google.com/maps/d/kml?mid=1HlpUJ01w-yZZPole2fSgohAxBTpzI1E&forcekml=1	targets/google.com__maps__d__kml__mid=1HlpUJ01w-yZZPole2fSgohAxBTpzI1E_forcekml=1	200
https://www.google.com/maps/d/kml?mid=1Im1cAOf1Gv4K4wf8nxi492eP325OOkM&forcekml=1	targets/google.com__maps__d__kml__mid=1Im1cAOf1Gv4K4wf8nxi492eP325OOkM_forcekml=1	200
https://www.google.com/maps/d/kml?mid=1KMpNEIIAd4NSRrv-IpLDPxOSnuUbWLA&forcekml=1	targets/google.com__maps__d__kml__mid=1KMpNEIIAd4NSRrv-IpLDPxOSnuUbWLA_forcekml=1	200
https://www.google.com/maps/d/kml?mid=1L8lH4JMulpYS6LwEKNKAYwlIl1lWpxs&forcekml=1	targets/google.com__maps__d__kml__mid=1L8lH4JMulpYS6LwEKNKAYwlIl1lWpxs_forcekml=1	200
https://www.google.com/maps/d/kml?mid=1LJHrYtf4Ekj20veCldPNPNbBkRfvX34&forcekml=1	targets/google.com__maps__d__kml__mid=1LJHrYtf4Ekj20veCldPNPNbBkRfvX34_forcekml=1	200
https://www.google.com/maps/d/kml?mid=1MiMI0fVVDBakth3V4xbEyN8jxjeHwOY&forcekml=1	targets/google.com__maps__d__kml__mid=1MiMI0fVVDBakth3V4xbEyN8jxjeHwOY_forcekml=1	200
https://www.google.com/maps/d/kml?mid=1N2MRhyw_ffy5VS20k4K6t99NPT6b5DE&forcekml=1	targets/google.com__maps__d__kml__mid=1N2MRhyw_ffy5VS20k4K6t99NPT6b5DE_forcekml=1	200
https://www.google.com/maps/d/kml?mid=1NWwU_WB9EElmQDvmkbfYFsj2VVJl1a4&forcekml=1	targets/google.com__maps__d__kml__mid=1NWwU_WB9EElmQDvmkbfYFsj2VVJl1a4_forcekml=1	200
https://www.google.com/maps/d/kml?mid=1NZg4YGWYdA9xIbetFXm94JpePV26ou0&forcekml=1	targets/google.com__maps__d__kml__mid=1NZg4YGWYdA9xIbetFXm94JpePV26ou0_forcekml=1	200
https://www.google.com/maps/d/kml?mid=1Nq8HgjImlYqiyxVXg06qKTL0M1VjHTs&forcekml=1	targets/google.com__maps__d__kml__mid=1Nq8HgjImlYqiyxVXg06qKTL0M1VjHTs_forcekml=1	200
https://www.google.com/maps/d/kml?mid=1OeLxjMEgGhiMjwPFPkijztchhbkGTM4&forcekml=1	targets/google.com__maps__d__kml__mid=1OeLxjMEgGhiMjwPFPkijztchhbkGTM4_forcekml=1	200
https://www.google.com/maps/d/kml?mid=1OkdDLUYrAte2LUBX2_b0vyRLD7VsYm8&forcekml=1	targets/google.com__maps__d__kml__mid=1OkdDLUYrAte2LUBX2_b0vyRLD7VsYm8_forcekml=1	200
https://www.google.com/maps/d/kml?mid=1PgPE-NeA3eK2DQxsy7Ke8pdUh54XnuU&forcekml=1	targets/google.com__maps__d__kml__mid=1PgPE-NeA3eK2DQxsy7Ke8pdUh54XnuU_forcekml=1	200
https://www.google.com/maps/d/kml?mid=1QElnoK0_x9n1UwrXHCM1mObdHaAvPNo&forcekml=1	targets/google.com__maps__d__kml__mid=1QElnoK0_x9n1UwrXHCM1mObdHaAvPNo_forcekml=1	200
https://www.google.com/maps/d/kml?mid=1QxNc-JYDniJktGGO15yQwu_Tw_tQbCo&forcekml=1	targets/google.com__maps__d__kml__mid=1QxNc-JYDniJktGGO15yQwu_Tw_tQbCo_forcekml=1	200
https://www.google.com/maps/d/kml?mid=1R2SNAv2L6uart164cWSvTvwwicbuFbc&forcekml=1	targets/google.com__maps__d__kml__mid=1R2SNAv2L6uart164cWSvTvwwicbuFbc_forcekml=1	200
https://www.google.com/maps/d/kml?mid=1R647m4JPf-Xd1JgQ8Z_gbyTXzlhQsqE&forcekml=1	targets/google.com__maps__d__kml__mid=1R647m4JPf-Xd1JgQ8Z_gbyTXzlhQsqE_forcekml=1	200
https://www.google.com/maps/d/kml?mid=1ROVmNLeXk9zXOivCJkOVR_hTFfyUbk0&forcekml=1	targets/google.com__maps__d__kml__mid=1ROVmNLeXk9zXOivCJkOVR_hTFfyUbk0_forcekml=1	200
https://www.google.com/maps/d/kml?mid=1SQHgpRicnvzROnPY0xNA4h9l8VVqZVo&forcekml=1	targets/google.com__maps__d__kml__mid=1SQHgpRicnvzROnPY0xNA4h9l8VVqZVo_forcekml=1	200
https://www.google.com/maps/d/kml?mid=1Splfy4GeHw3Y-S-InjwuL0KSH7zNoAM&forcekml=1	targets/google.com__maps__d__kml__mid=1Splfy4GeHw3Y-S-InjwuL0KSH7zNoAM_forcekml=1	200
https://www.google.com/maps/d/kml?mid=1T2xkzmTWfwlSi3xHjDHW-eI_7cXI76w&forcekml=1	targets/google.com__maps__d__kml__mid=1T2xkzmTWfwlSi3xHjDHW-eI_7cXI76w_forcekml=1	200
https://www.google.com/maps/d/kml?mid=1UeVqcGINcoYdeWHbTBHvuj-wMNCLvrs&forcekml=1	targets/google.com__maps__d__kml__mid=1UeVqcGINcoYdeWHbTBHvuj-wMNCLvrs_forcekml=1	200
https://www.google.com/maps/d/kml?mid=1WOysgm9o7Y4gRqfw8vs742rJBVtqmiY&forcekml=1	targets/google.com__maps__d__kml__mid=1WOysgm9o7Y4gRqfw8vs742rJBVtqmiY_forcekml=1	200
https://www.google.com/maps/d/kml?mid=1WY40zHTUZQ9BHMFt-q5dn7Vqdd4DMgM&forcekml=1	targets/google.com__maps__d__kml__mid=1WY40zHTUZQ9BHMFt-q5dn7Vqdd4DMgM_forcekml=1	200
https://www.google.com/maps/d/kml?mid=1XKJl0LRp36d5xLP2hiWiJWb8lEgYpkQ&forcekml=1	targets/google.com__maps__d__kml__mid=1XKJl0LRp36d5xLP2hiWiJWb8lEgYpkQ_forcekml=1	200
https://www.google.com/maps/d/kml?mid=1XTxuYI8rTH59DWPekGyQSfdzCePPfLw&forcekml=1	targets/google.com__maps__d__kml__mid=1XTxuYI8rTH59DWPekGyQSfdzCePPfLw_forcekml=1	200
https://www.google.com/maps/d/kml?mid=1Y9XdMx3ZXd76BtgIwKh2EVh8ocbbgZg&forcekml=1	targets/google.com__maps__d__kml__mid=1Y9XdMx3ZXd76BtgIwKh2EVh8ocbbgZg_forcekml=1	200
https://www.google.com/maps/d/kml?mid=1ZqLZI0mGu8MQzeclYOo-a6XllPbZLdg&forcekml=1	targets/google.com__maps__d__kml__mid=1ZqLZI0mGu8MQzeclYOo-a6XllPbZLdg_forcekml=1	200
https://www.google.com/maps/d/kml?mid=1_2k3MDXuKHJAZ6aLm5iNcwQ6kukaayE&forcekml=1	targets/google.com__maps__d__kml__mid=1_2k3MDXuKHJAZ6aLm5iNcwQ6kukaayE_forcekml=1	200
https://www.google.com/maps/d/kml?mid=1_8Lmnh_qVtvIP5X-GMeUQ6vheCsjSZg&forcekml=1	targets/google.com__maps__d__kml__mid=1_8Lmnh_qVtvIP5X-GMeUQ6vheCsjSZg_forcekml=1	200
https://www.google.com/maps/d/kml?mid=1_Get90eWlJIdQO9zCyyDzSA910mdbeA&forcekml=1	targets/google.com__maps__d__kml__mid=1_Get90eWlJIdQO9zCyyDzSA910mdbeA_forcekml=1	200
https://www.google.com/maps/d/kml?mid=1_Rg0wzPUiBI9l61DYZhSBL7qKHVybZE&forcekml=1	targets/google.com__maps__d__kml__mid=1_Rg0wzPUiBI9l61DYZhSBL7qKHVybZE_forcekml=1	200
https://www.google.com/maps/d/kml?mid=1_WlyPMusnjHD3Sv0eMRL9-KBXgSUVjE&forcekml=1	targets/google.com__maps__d__kml__mid=1_WlyPMusnjHD3Sv0eMRL9-KBXgSUVjE_forcekml=1	200
https://www.google.com/maps/d/kml?mid=1aARgScyOHjf_SK3l5OuwS5wwukYtIkw&forcekml=1	targets/google.com__maps__d__kml__mid=1aARgScyOHjf_SK3l5OuwS5wwukYtIkw_forcekml=1	200
https://www.google.com/maps/d/kml?mid=1aMzdi9VPJXdtM1K-X-oiX9quIqch53U&forcekml=1	targets/google.com__maps__d__kml__mid=1aMzdi9VPJXdtM1K-X-oiX9quIqch53U_forcekml=1	200
https://www.google.com/maps/d/kml?mid=1ac5QJlz3tAJFkcRwZ3E_xT6Hk1IwODw&forcekml=1	targets/google.com__maps__d__kml__mid=1ac5QJlz3tAJFkcRwZ3E_xT6Hk1IwODw_forcekml=1	200
https://www.google.com/maps/d/kml?mid=1aqVEF6W4U8zGOS2Q0G-_K6_NBxqxYZs&forcekml=1	targets/google.com__maps__d__kml__mid=1aqVEF6W4U8zGOS2Q0G-_K6_NBxqxYZs_forcekml=1	200
https://www.google.com/maps/d/kml?mid=1bZp9dPSEolrOfjgdkot20nLJdV5-R0w&forcekml=1	targets/google.com__maps__d__kml__mid=1bZp9dPSEolrOfjgdkot20nLJdV5-R0w_forcekml=1	200
https://www.google.com/maps/d/kml?mid=1cPV1AclO7QQnitFDPdYKKiPTH1bT4Sc&forcekml=1	targets/google.com__maps__d__kml__mid=1cPV1AclO7QQnitFDPdYKKiPTH1bT4Sc_forcekml=1	200
https://www.google.com/maps/d/kml?mid=1cUjBb0IFmkiAYbemcVFjah9BkY94tQ0&forcekml=1	targets/google.com__maps__d__kml__mid=1cUjBb0IFmkiAYbemcVFjah9BkY94tQ0_forcekml=1	200
https://www.google.com/maps/d/kml?mid=1dYbCm1PQ7XA5gsHSTMwIeogjbT10ccI&forcekml=1	targets/google.com__maps__d__kml__mid=1dYbCm1PQ7XA5gsHSTMwIeogjbT10ccI_forcekml=1	200
https://www.google.com/maps/d/kml?mid=1dfdDeDW9dPBm4498ZYtFpKx7wxOtYec&forcekml=1	targets/google.com__maps__d__kml__mid=1dfdDeDW9dPBm4498ZYtFpKx7wxOtYec_forcekml=1	200
https://www.google.com/maps/d/kml?mid=1dtXMo0lSi-zsf5wpptycO7Ou5nj6Pgw&forcekml=1	targets/google.com__maps__d__kml__mid=1dtXMo0lSi-zsf5wpptycO7Ou5nj6Pgw_forcekml=1	200
https://www.google.com/maps/d/kml?mid=1dwn_jnj0J2dmFWfJTkS_rC2TVJARgzA&forcekml=1	targets/google.com__maps__d__kml__mid=1dwn_jnj0J2dmFWfJTkS_rC2TVJARgzA_forcekml=1	200
https://www.google.com/maps/d/kml?mid=1e6GPFAhHvK_OtwzAAtE1S3eSyTphSzs&forcekml=1	targets/google.com__maps__d__kml__mid=1e6GPFAhHvK_OtwzAAtE1S3eSyTphSzs_forcekml=1	200
https://www.google.com/maps/d/kml?mid=1fAexDBsnlswOKTvIOWO6nZ48r_lDKxo&forcekml=1	targets/google.com__maps__d__kml__mid=1fAexDBsnlswOKTvIOWO6nZ48r_lDKxo_forcekml=1	200
https://www.google.com/maps/d/kml?mid=1fmLvMVxeZ_G82PztL61v9n4fssQzj58&forcekml=1	targets/google.com__maps__d__kml__mid=1fmLvMVxeZ_G82PztL61v9n4fssQzj58_forcekml=1	200
https://www.google.com/maps/d/kml?mid=1g41ARpQn0Iq1s-QXVI7jN0hwkyZvJ4E&forcekml=1	targets/google.com__maps__d__kml__mid=1g41ARpQn0Iq1s-QXVI7jN0hwkyZvJ4E_forcekml=1	200
https://www.google.com/maps/d/kml?mid=1h4cyw6nKX1r2squUeqX3M4D3GO_UfP8&forcekml=1	targets/google.com__maps__d__kml__mid=1h4cyw6nKX1r2squUeqX3M4D3GO_UfP8_forcekml=1	200
https://www.google.com/maps/d/kml?mid=1hY2zj8dRkxNUPKfJMvNc_6omePh5Wqo&forcekml=1	targets/google.com__maps__d__kml__mid=1hY2zj8dRkxNUPKfJMvNc_6omePh5Wqo_forcekml=1	200
https://www.google.com/maps/d/kml?mid=1hgptz9vfPSqoqjbZIpPmz1Pj_rWzTME&forcekml=1	targets/google.com__maps__d__kml__mid=1hgptz9vfPSqoqjbZIpPmz1Pj_rWzTME_forcekml=1	200
https://www.google.com/maps/d/kml?mid=1jgPj58RGH042JfczNkT9vSwBZM0zAD8&forcekml=1	targets/google.com__maps__d__kml__mid=1jgPj58RGH042JfczNkT9vSwBZM0zAD8_forcekml=1	200
https://www.google.com/maps/d/kml?mid=1jwJu9GGSswZHvISoqL9jChzA55AZUbk&forcekml=1	targets/google.com__maps__d__kml__mid=1jwJu9GGSswZHvISoqL9jChzA55AZUbk_forcekml=1	200
https://www.google.com/maps/d/kml?mid=1k0Lo2G84bBPsxeOvuzeDYkmwp30J2ZM&forcekml=1	targets/google.com__maps__d__kml__mid=1k0Lo2G84bBPsxeOvuzeDYkmwp30J2ZM_forcekml=1	200
https://www.google.com/maps/d/kml?mid=1kD_D7rZp9a41lmhXpPIV_Ho4T6sNE_I&forcekml=1	targets/google.com__maps__d__kml__mid=1kD_D7rZp9a41lmhXpPIV_Ho4T6sNE_I_forcekml=1	200
https://www.google.com/maps/d/kml?mid=1kyZvU8ByvF25MbtNpCL1JIFZhbT21Sk&forcekml=1	targets/google.com__maps__d__kml__mid=1kyZvU8ByvF25MbtNpCL1JIFZhbT21Sk_forcekml=1	200
https://www.google.com/maps/d/kml?mid=1lircDkTn4Ak3kiDPUIg9TYqmZ4ZggzQ&forcekml=1	targets/google.com__maps__d__kml__mid=1lircDkTn4Ak3kiDPUIg9TYqmZ4ZggzQ_forcekml=1	200
https://www.google.com/maps/d/kml?mid=1lqUGHrI0YL-7joXEyRVkB-lqC6W9ceg&forcekml=1	targets/google.com__maps__d__kml__mid=1lqUGHrI0YL-7joXEyRVkB-lqC6W9ceg_forcekml=1	200
https://www.google.com/maps/d/kml?mid=1mtfeGoLLmtUSkzMjR8NIgQRNjqwHV2w&forcekml=1	targets/google.com__maps__d__kml__mid=1mtfeGoLLmtUSkzMjR8NIgQRNjqwHV2w_forcekml=1	200
https://www.google.com/maps/d/kml?mid=1mwzFT0Tq4R7iPenT8RqxyqLlkhrU26s&forcekml=1	targets/google.com__maps__d__kml__mid=1mwzFT0Tq4R7iPenT8RqxyqLlkhrU26s_forcekml=1	200
https://www.google.com/maps/d/kml?mid=1n0WuI-ASyd7mtyCWeXcqy21nYnkrLKY&forcekml=1	targets/google.com__maps__d__kml__mid=1n0WuI-ASyd7mtyCWeXcqy21nYnkrLKY_forcekml=1	200
https://www.google.com/maps/d/kml?mid=1nDTGa2oIviatN6pnsOuhWt-fcXh-hXw&forcekml=1	targets/google.com__maps__d__kml__mid=1nDTGa2oIviatN6pnsOuhWt-fcXh-hXw_forcekml=1	200
https://www.google.com/maps/d/kml?mid=1nKFkpIxomk-zA8tGCse8crfQZS49p18&forcekml=1	targets/google.com__maps__d__kml__mid=1nKFkpIxomk-zA8tGCse8crfQZS49p18_forcekml=1	200
https://www.google.com/maps/d/kml?mid=1nfEzrgwI4r6AjFormYMyy4WzvFy_Jyo&forcekml=1	targets/google.com__maps__d__kml__mid=1nfEzrgwI4r6AjFormYMyy4WzvFy_Jyo_forcekml=1	200
https://www.google.com/maps/d/kml?mid=1oBc7hh9V7XCxsCoc0bjIt7aPXBLt7SE&forcekml=1	targets/google.com__maps__d__kml__mid=1oBc7hh9V7XCxsCoc0bjIt7aPXBLt7SE_forcekml=1	200
https://www.google.com/maps/d/kml?mid=1oKylRFK-kEx2DgcWVerM0n6248w2anM&forcekml=1	targets/google.com__maps__d__kml__mid=1oKylRFK-kEx2DgcWVerM0n6248w2anM_forcekml=1	200
https://www.google.com/maps/d/kml?mid=1oYhHYXkiF8KYEbwA25dllrcKx-hjE3c&forcekml=1	targets/google.com__maps__d__kml__mid=1oYhHYXkiF8KYEbwA25dllrcKx-hjE3c_forcekml=1	200
https://www.google.com/maps/d/kml?mid=1onzxqhSADXHPN8Bj_-k6cLNtEjxu5T0&forcekml=1	targets/google.com__maps__d__kml__mid=1onzxqhSADXHPN8Bj_-k6cLNtEjxu5T0_forcekml=1	200
https://www.google.com/maps/d/kml?mid=1otyrHS5aza0Fk7CwfKpWxBeXnXskd2E&forcekml=1	targets/google.com__maps__d__kml__mid=1otyrHS5aza0Fk7CwfKpWxBeXnXskd2E_forcekml=1	200
https://www.google.com/maps/d/kml?mid=1tK0fPLgtNfypOqY77FSuMwfCkfWdxnk&forcekml=1	targets/google.com__maps__d__kml__mid=1tK0fPLgtNfypOqY77FSuMwfCkfWdxnk_forcekml=1	200
https://www.google.com/maps/d/kml?mid=1tbvHOKjotOnXZ5PzWil7V-zUHLDhD88&forcekml=1	targets/google.com__maps__d__kml__mid=1tbvHOKjotOnXZ5PzWil7V-zUHLDhD88_forcekml=1	200
https://www.google.com/maps/d/kml?mid=1uLuATBwj5O1wX0vCZT4Ge1JsQbDLueA&forcekml=1	targets/google.com__maps__d__kml__mid=1uLuATBwj5O1wX0vCZT4Ge1JsQbDLueA_forcekml=1	200
https://www.google.com/maps/d/kml?mid=1vJLdA9NsgcVpc7F2QAADPpBAP6npMXY&forcekml=1	targets/google.com__maps__d__kml__mid=1vJLdA9NsgcVpc7F2QAADPpBAP6npMXY_forcekml=1	200
https://www.google.com/maps/d/kml?mid=1vUg2e0CIsvGNK7Ox4kA7W0A4vFFURcw&forcekml=1	targets/google.com__maps__d__kml__mid=1vUg2e0CIsvGNK7Ox4kA7W0A4vFFURcw_forcekml=1	200
https://www.google.com/maps/d/kml?mid=1vjIAufOyVnzGULzBE-FP5P_PO7iTjsA&forcekml=1	targets/google.com__maps__d__kml__mid=1vjIAufOyVnzGULzBE-FP5P_PO7iTjsA_forcekml=1	200
https://www.google.com/maps/d/kml?mid=1wyEUCZDoEVmtV9EaCYWRBSPCwm9C3nQ&forcekml=1	targets/google.com__maps__d__kml__mid=1wyEUCZDoEVmtV9EaCYWRBSPCwm9C3nQ_forcekml=1	200
https://www.google.com/maps/d/kml?mid=1xA7OmS8m8Bge8Ll4jpQhMWe2ux5Nnsw&forcekml=1	targets/google.com__maps__d__kml__mid=1xA7OmS8m8Bge8Ll4jpQhMWe2ux5Nnsw_forcekml=1	200
https://www.google.com/maps/d/kml?mid=1xbdvwpEIe6eS02PPYWVz9Cb76NtmExs&forcekml=1	targets/google.com__maps__d__kml__mid=1xbdvwpEIe6eS02PPYWVz9Cb76NtmExs_forcekml=1	200
https://www.google.com/maps/d/kml?mid=1xoA_LO887JUW1pE1cUQ_dGWzgBLJDuc&forcekml=1	targets/google.com__maps__d__kml__mid=1xoA_LO887JUW1pE1cUQ_dGWzgBLJDuc_forcekml=1	200
https://www.google.com/maps/d/kml?mid=1yBcQLUIYz-w8VieIclqzsj611NT4Blo&forcekml=1	targets/google.com__maps__d__kml__mid=1yBcQLUIYz-w8VieIclqzsj611NT4Blo_forcekml=1	200
https://islamabadpolice.gov.pk/index.php	targets/islamabadpolice.gov.pk__index.php	200
https://islamabadpolice.gov.pk/fms/complaints.php	targets/islamabadpolice.gov.pk__fms__complaints.php	200
https://islamabadpolice.gov.pk/initiatives.php?slug=-ssential-afety-ips-for-itizens	targets/islamabadpolice.gov.pk__initiatives.php__slug=-ssential-afety-ips-for-itizens	200
https://pwm.islamabadpolice.gov.pk/islamabad-police-2025/about.php	-	0
https://islamabadpolice.gov.pk/news-detail.php?slug=igp-islamabad-visits-sumbal-police-station-reviews-security-arrangements-facilities-and-service-delivery	targets/islamabadpolice.gov.pk__news-detail.php__slug=igp-islamabad-visits-sumbal-police-station-reviews-security-arrangements-facilities-and-service-delivery	200
https://islamabadpolice.gov.pk/api-loc.php	targets/islamabadpolice.gov.pk__api-loc.php	200
https://islamabadpolice.gov.pk/contact.php	targets/islamabadpolice.gov.pk__contact.php	200
https://sindhpolice.gov.pk/	-	403
https://sindhpolice.gov.pk/city/police-station	-	403
https://balochistanpolice.gov.pk/	-	0
https://balochistanpolice.gov.pk/dpo_contactdetails	-	0
https://balochistanpolice.gov.pk/police_stations	-	0
https://balochistanpolice.gov.pk/police-stations	-	0
https://police.ajk.gov.pk/	-	0
https://ajkpolice.gov.pk/	-	0
https://gbp.gov.pk/police-stations/	targets/gbp.gov.pk__police-stations	200
https://gbp.gov.pk/total-police-stations-in-gb/	targets/gbp.gov.pk__total-police-stations-in-gb	200
https://gbp.gov.pk/wp-content/uploads/2021/10/New-Logo-1.png	targets/gbp.gov.pk__wp-content__uploads__2021__10__New-Logo-1.png	200
https://gbp.gov.pk/wp-content/uploads/2026/02/IGP-GB_2-26.jpeg	targets/gbp.gov.pk__wp-content__uploads__2026__02__IGP-GB_2-26.jpeg	200
https://gbp.gov.pk/wp-content/uploads/2021/10/Map.png	targets/gbp.gov.pk__wp-content__uploads__2021__10__Map.png	200
https://gbp.gov.pk/wp-content/uploads/2021/10/16-1-840x487.jpg	targets/gbp.gov.pk__wp-content__uploads__2021__10__16-1-840x487.jpg	200
https://gbp.gov.pk/wp-content/uploads/2021/10/14a-2-840x630.jpg	targets/gbp.gov.pk__wp-content__uploads__2021__10__14a-2-840x630.jpg	200
